run,status,aligned,q6_k-5120-248320,q4_0-5120-6144,q4_0-5120-10240,q4_1-17408-5120,q4_0-5120-17408,f32-5120-48,q5_k-6144-5120,q4_0-5120-1024,q4_0-6144-5120,q4_0-5120-12288,q4_0-17408-5120
2026-09-22-matvec-aligned-generic,passed,True,1224.916,81.053,110.471,140.619,133.7,56.964,91.86,54.699,79.641,117.886,137.473
2026-09-22-matvec-aligned-specialized,passed,True,1224.033,82.956,110.588,136.476,133.378,56.417,80.501,54.314,83.198,122.083,136.638
2026-09-22-matvec-baseline-tune,passed,False,5736.158,200.872,254.761,495.985,332.694,71.435,310.66,111.046,209.622,280.609,362.758
2026-09-22-matvec-block128r1f0,passed,False,2078.862,118.651,144.617,200.285,181.254,54.001,147.84,59.126,119.192,156.69,186.966
2026-09-22-matvec-block128r4f0,passed,False,2046.995,119.565,144.805,208.075,185.646,53.259,146.724,59.874,121.694,158.614,190.967
2026-09-22-matvec-block256r1f0,passed,False,2118.678,120.69,144.304,195.071,179.574,48.982,149.564,58.851,119.779,155.513,185.239
2026-09-22-matvec-block32r4f0,passed,False,1919.119,126.264,150.153,225.289,185.982,80.156,151.119,75.971,137.861,166.545,226.224
2026-09-22-matvec-block32r8f0,passed,False,1915.835,127.335,152.116,226.827,188.76,80.247,152.283,75.85,133.155,166.574,223.619
2026-09-22-matvec-block512r1f0,passed,False,2216.345,124.559,150.295,197.95,196.003,49.312,146.268,60.992,124.104,166.75,184.141
2026-09-22-matvec-block64r1f0,passed,False,2041.828,120.909,144.984,216.83,202.482,60.979,150.962,61.342,122.363,157.455,198.21
2026-09-22-matvec-block64r4,passed,False,2025.942,119.795,148.141,233.821,196.167,61.946,156.959,62.084,123.893,161.193,197.47
2026-09-22-matvec-block64r4f1,passed,False,1973.963,119.2,143.23,219.732,180.953,60.957,153.567,61.674,122.704,154.222,198.335
2026-09-22-matvec-compact256,passed,False,1260.383,93.118,115.446,141.019,141.009,50.039,113.965,54.429,92.113,124.393,137.748
2026-09-22-matvec-compact64,passed,False,1223.18,79.928,111.299,137.877,151.479,56.681,95.348,53.773,81.197,118.099,141.875
2026-09-22-matvec-half,failed,False,,,,,,,,,,,
2026-09-22-matvec-half-2,passed,False,4638.568,156.971,195.581,292.884,252.736,71.051,229.619,71.987,164.898,211.791,274.329
2026-09-22-matvec-meta32r1f0,passed,False,1226.658,91.771,114.713,146.153,136.513,77.535,101.858,54.189,91.843,120.432,150.64
2026-09-22-matvec-meta64r1f0,passed,False,1225.472,83.419,111.287,138.741,134.275,60.235,97.868,54.541,84.55,121.24,139.18
2026-09-22-matvec-meta64r1f1,passed,False,1221.161,83.55,110.916,139.769,135.029,60.499,97.57,54.507,85.424,122.159,139.499
2026-09-22-matvec-pack8l16r4,passed,False,1439.961,94.248,117.502,160.238,144.534,119.208,110.945,61.648,96.103,129.261,158.394
2026-09-22-matvec-pack8l32r2,passed,False,1396.404,91.17,113.96,148.742,133.995,78.562,155.476,54.288,92.254,120.051,156.171
2026-09-22-matvec-pack8l64r1,passed,False,1479.876,79.786,110.234,157.553,134.063,60.167,135.707,54.417,83.329,121.267,144.895
2026-09-22-matvec-packed128r1f0,passed,False,1331.702,92.04,112.087,137.997,136.598,53.545,112.802,54.067,91.673,119.053,136.982
2026-09-22-matvec-packed128r1f1,passed,False,1315.74,92.024,114.909,136.761,134.123,53.262,114.208,54.191,91.593,115.634,137.421
2026-09-22-matvec-packed16r4f0,passed,False,1247.382,94.379,119.815,156.949,139.558,119.869,110.536,62.769,96.255,123.988,161.228
2026-09-22-matvec-packed256r1f0,passed,False,1477.926,92.857,115.794,137.39,139.687,49.581,115.927,54.458,91.943,123.579,139.075
2026-09-22-matvec-packed32r1f0,passed,False,1220.559,91.785,115.367,148.507,136.302,77.765,105.75,54.423,91.817,122.02,153.142
2026-09-22-matvec-packed32r2f0,passed,False,1252.378,91.193,113.676,146.468,136.225,78.716,104.414,53.805,92.113,122.755,155.956
2026-09-22-matvec-packed32r4f0,passed,False,1271.734,91.883,114.117,154.665,136.923,79.426,106.368,54.894,92.235,119.637,155.387
2026-09-22-matvec-packed32r4f1,passed,False,1280.41,91.374,113.543,146.624,139.867,78.693,105.263,54.484,91.889,123.628,153.483
2026-09-22-matvec-packed64r1f0,passed,False,1226.573,81.836,110.067,140.309,133.323,60.47,100.04,54.341,84.624,120.692,138.091
2026-09-22-matvec-packed64r1f1,passed,False,1218.445,83.061,111.06,137.904,135.52,60.028,99.311,54.538,83.467,117.972,137.181
2026-09-22-matvec-packed64r4f0,passed,False,1279.174,90.744,113.927,141.195,138.292,61.078,102.372,54.135,91.849,124.273,143.577
